{
  "id": "1493175",
  "name": "圈子",
  "font_family": "iconfont",
  "css_prefix_text": "icon-",
  "description": "",
  "glyphs": [
    {
      "icon_id": "76992",
      "name": "搜索",
      "font_class": "sousuo",
      "unicode": "e600",
      "unicode_decimal": 58880
    },
    {
      "icon_id": "100742",
      "name": "我的",
      "font_class": "wode",
      "unicode": "e62e",
      "unicode_decimal": 58926
    },
    {
      "icon_id": "524408",
      "name": "修改密码",
      "font_class": "xiugaimima01",
      "unicode": "e606",
      "unicode_decimal": 58886
    },
    {
      "icon_id": "1203541",
      "name": "评论",
      "font_class": "linedesign-01",
      "unicode": "e66e",
      "unicode_decimal": 58990
    },
    {
      "icon_id": "1212217",
      "name": "照片",
      "font_class": "zhaopian",
      "unicode": "e623",
      "unicode_decimal": 58915
    },
    {
      "icon_id": "1244098",
      "name": "我的",
      "font_class": "wode1",
      "unicode": "e636",
      "unicode_decimal": 58934
    },
    {
      "icon_id": "1638292",
      "name": "收藏",
      "font_class": "shoucang",
      "unicode": "e613",
      "unicode_decimal": 58899
    },
    {
      "icon_id": "4406741",
      "name": "圈子",
      "font_class": "quanzi",
      "unicode": "e603",
      "unicode_decimal": 58883
    },
    {
      "icon_id": "6999205",
      "name": "退出",
      "font_class": "tuichu",
      "unicode": "e622",
      "unicode_decimal": 58914
    },
    {
      "icon_id": "7949547",
      "name": "点赞",
      "font_class": "dianzan",
      "unicode": "e697",
      "unicode_decimal": 59031
    },
    {
      "icon_id": "8224812",
      "name": "眼睛_闭",
      "font_class": "yanjing_bi",
      "unicode": "e601",
      "unicode_decimal": 58881
    },
    {
      "icon_id": "8361844",
      "name": "眼睛3",
      "font_class": "yanjing",
      "unicode": "e6cf",
      "unicode_decimal": 59087
    }
  ]
}
